Category,CEIRatingWeb,OrgCommonName,BrandName,CustomerFeedbackPhone,CustomerFeedbackEmail,CustomerFeedbackWebURL,OrgID,CategoryID,Non-responder
Apparel & Accessories,100,Abercrombie & Fitch,Gilly Hicks; Hollister,614-283-6500,,,5013,1219,
Apparel & Accessories,100,Bon-Ton Stores,Carson Pirie Scott; Elder-Beerman,,,http://www.bonton.com/content/contact-us/brandcontent.html,52172,1219,
Apparel & Accessories,100,Gap,Athleta; Banana Republic; Old Navy; Piperlime,650-952-4400,,,1254,1219,
Apparel & Accessories,100,J.C. Penney,Arizona Jean Co.; St. John's Bay; Worthington,972-431-1000,,http://www4.jcpenney.com/jcp/EmailUs.aspx?refpagename=CustomerService%252525252Easpx&refdeptid=&refcatid=&CmCatId=25278,1235,1219,
Apparel & Accessories,100,Levi Strauss,Dockers,,,http://www.levistrauss.com/about/helpcontact-us,1216,1219,
Apparel & Accessories,100,Liz Claiborne,Axcess; Juicy Couture; Kate Spade; Kensie; Lucky Brand Jeans; Mac & Jac; Mexx; Monet,,,http://www.lizclaiborneinc.com/web/guest/companycontact,8670,1219,
Apparel & Accessories,100,Macy's,Alfani; Bloomingdale's; Charter Club; I.N.C.; Martha Stewart Collection,212-494-3000,,,1181,1219,
Apparel & Accessories,100,Nike*,Cole Haan; Converse; Hurley; Umbro,800-344-6453,,,1247,1219,
Apparel & Accessories,100,Nordstrom,Faconnable,,,,1178,1219,
Apparel & Accessories,100,REI,Novara,,,http://www.rei.com/help/feedback/feedback.html,1229,1219,
Apparel & Accessories,100,Sears,Apostrophe; Covington; Joe Boxer; Lands' End; Structure,800-349-4358,,http://www.sears.com/shc/s/nb_10153_12608_NB_CSeMail?adCell=WF,1187,1219,
Apparel & Accessories,100,TJX,A.J.Wright; Marshalls; T.J.Maxx,508-390-1000,,,868,1219,
Apparel & Accessories,95,Kenneth Cole,Gentle Souls; Le Tigre; Unlisted,800-536-2653,,http://www.kennethcole.com/helpdesk/index.jsp?stillHaveQuestion=yes&subdisplay=contact&display=store,52576,1219,
Apparel & Accessories,95,Limited Brands,Henri Bendel; La Senza; Pink; Victoria's Secret,614-415-7000,,,1870,1219,
Apparel & Accessories,93,American Eagle,,,,http://www.ae.com/web/contact/,47674,1219,
Apparel & Accessories,93,Tiffany & Co.,,800-843-3269,,http://www.tiffany.com/Customer/Request/EmailCustSvr.aspx,43581,1219,
Apparel & Accessories,85,Target,C9 by Champion; Cherokee; Circo; Gilligan & O'Malley; Liz Lange; Merona; Mossimo; Utility; Xhilaration,800-440-0680,,,1153,1219,
Apparel & Accessories,83,Hanover Direct,International Male; Silhouettes; Undergear,,information@hanoverdirect.com,,55065,1219,
Apparel & Accessories,83,Jones Apparel,Anne Klein; Bandolino; Easy Spirit; Enzo Angiolini; Evan-Picone; Gloria Vanderbilt; Joan & David; Jones New York; Kasper; Napier; Nine West; Sam & Libby,212-642-3860,,,14482,1219,
Apparel & Accessories,78,L.L. Bean,,800-813-7309,llbean@llbean.com,http://www.llbean.com/customerService/contactUs/email_popup.html,4821,1219,
Apparel & Accessories,75,Brown Shoe,Aerosoles; Buster Brown,,,,52179,1219,
Apparel & Accessories,50,The Men's Wearhouse,K&G,,,http://www.menswearhouse.com/webapp/wcs/stores/servlet/ContactUs_-1_10601_10051_10721__#email,8671,1219,
Apparel & Accessories,30,Ann Taylor,Ann Taylor LOFT,800-342-5266,,http://www.anntaylor.com/custserv/contactus.jsp,1258,1219,X
Apparel & Accessories,30,Donna Karan,DKNY,,,http://www.donnakaran.com/pages/contact-us,1260,1219,X
Apparel & Accessories,30,Neiman Marcus,Bergdorf Goodman,888-888-4757,,http://www.neimanmarcus.com/store/service/contactus.jhtml,35548,1219,X
Apparel & Accessories,30,Polo Ralph Lauren,Club Monaco; Rugby,,,http://www.ralphlauren.com/helpdesk/index.jsp?display=store&subdisplay=contact&ab=footer_emailus,35625,1219,X
Apparel & Accessories,30,Saks,Off 5th; Saks Fifth Avenue,,,http://www.saksincorporated.com/contacts/contactus.asp,14639,1219,X
Apparel & Accessories,30,Timberland,,,,http://shop.timberland.com/helpdesk/contactCSR/index.jsp?display=store&subdisplay=trust,1175,1219,X
Apparel & Accessories,15,Adidas,Reebok,,consumer.relations@adidas.com,,4938,1219,X
Apparel & Accessories,15,Berkshire Hathaway,Fruit of the Loom; JERZEES; Russell Athletics; Spalding,,berkshire@berkshirehathaway.com,,4904,1219,X
Apparel & Accessories,15,Coach,,,,http://www.coach.com/online/handbags/ContactUsView?storeId=10551&catalogId=10051&LOC=BN,43045,1219,X
Apparel & Accessories,15,Foot Locker,Champs Sports; Eastbay; Footaction,,,http://www.footlocker.com/content/feedback.cfm?&,1020,1219,X
Apparel & Accessories,15,Phillips-Van Heusen,Arrow; Bass; Calvin Klein; IZOD; Tommy Hilfiger,,,http://www.pvh.com/contact.aspx,52311,1219,X
Apparel & Accessories,15,Ross Stores,,,,http://www.rossstores.com/cu.aspx,35535,1219,X
Apparel & Accessories,15,VF,Eagle Creek; Eastpak; JanSport; John Varvatos; Lee; Nautica; Seven for all Mankind; The North Face; Vans; Wrangler Jeans,336-424-6000,corporate_communications@vfc.com,http://www.vfc.com/contact,973,1219,X
Apparel & Accessories,15,Warnaco Group,Olga; Warners,,contactus@warnaco.com,,52397,1219,X
Apparel & Accessories,0,Burlington Coat Factory,,,,http://corporate.burlingtoncoatfactory.com/contact/contactus_corporate.shtml,52181,1219,X
Apparel & Accessories,0,Cabela's,,,,https://cabelas.custhelp.com/cgi-bin/cabelas.cfg/php/enduser/ask.php,52182,1219,X
Apparel & Accessories,0,Chico's,Soma; White House/Black Market,888-855-4986,customerservice@chicos.com,,54860,1219,X
Apparel & Accessories,0,Fossil,,,,https://www.fossil.com/webapp/wcs/stores/servlet/ContactUsView?langId=-1&storeId=12052&catalogId=10052&nav=custCareNav&krypto=Tjoe3w4LBQeEp3F%2BYXPMrQ,54460,1219,X
Apparel & Accessories,0,Guess?,,,,http://www.guess.com/#/contact,54947,1219,X
Apparel & Accessories,0,Hanesbrands,Bali; Champion; Hanes; L'eggs; Playtex,,,http://www.hanesbrands.com/hbi/templates/ContactUs/Default.aspx,54914,1219,X
Apparel & Accessories,0,Quiksilver,DC Shoes; Hawk; Leilani,714-889-2200,,http://www.quiksilverinc.com/contactus/contactus.aspx,52498,1219,X
Automotive,100,"AAA Northern California, Nevada and Utah",,,,,43507,1226,
Automotive,100,BP*,Castrol,,,,1776,1226,
Automotive,100,CarMax,,800-519-1511,,,43059,1226,
Automotive,100,Chrysler,Dodge; Jeep,800-247-9753,,,1227,1226,
Automotive,100,Clorox,Armor All; STP; Tuff Stuff,,,http://www.thecloroxcompany.com/contactus.html,1171,1226,
Automotive,100,Cox Enterprises*,AutoTrader.com; Manheim,,ContactUs@coxinc.com,,13516,1226,
Automotive,100,Ford,Lincoln; Mercury,,,https://secure.ford.com/footer/contact-ford/contact-us-email?contactMainTopic=WebsiteFeedback,1250,1226,
Automotive,100,GM,Buick; Cadillac; Chevrolet; GMC; OnStar,,,,1245,1226,
Automotive,100,Shell Oil*,Black Magic; Blue Coral; Fix-A-Flat; Jiffy Lube; Pennzoil; Quaker State; Rain-X,713-241-6161,,,1810,1226,
Automotive,100,Subaru,,,,https://www.subaru.com/shopping-tools/contact-us.html,105,1226,
Automotive,100,Toyota,Lexus*; Scion,800-331-4331,,,52030,1226,
Automotive,100,Volkswagen,Audi; Bentley; Bugatti; Lamborghini,800-822-8987,,,8661,1226,
Automotive,93,Ryder,,,,http://www.ryder.com/contactus_corp_gralinq.shtml,817,1226,
Automotive,80,Bridgestone,Firestone,,,http://www.bridgestonetire.com/Index_BS_EN.aspx?src=contact,13331,1226,
Automotive,50,Nissan,Infiniti,,,http://www.nissanusa.com/apps/contactus,43112,1226,
Automotive,33,Cooper Tire & Rubber,,,,http://www.coopertire.com/html/contactus.aspx,14771,1226,
Automotive,30,Advance Auto Parts,,,,http://shop.advanceautoparts.com/webapp/wcs/stores/servlet/content_contactus___,35550,1226,X
Automotive,25,AutoZone,Duralast; Valucraft,,,https://www.autozone.com/autozone/contactus/generalComments.jsp;jsessionid=FD543E8264A6A3403F131650BFB6E980.diyprod4-b2c7?landingPageCategory=inOurSto,14644,1226,
Automotive,15,Goodyear Tire,Dunlop; Kelly,,,http://www.goodyear.com/cfmx/web/corporate/contact/contact_form.cfm?name=Customer%20Assistance,1252,1226,X
Automotive,15,Harley-Davidson,Buell; Dyna,414-343-4056,,,1211,1226,X
Automotive,0,Pep Boys,,800-737-2697,,,52308,1226,X
Banking & Finance,100,American Express,,800-528-4800,,,1095,1220,
Banking & Finance,100,Ameriprise,IDS; J.W. Seligman & Co.; RiverSource,,,,52044,1220,
Banking & Finance,100,Bank of America*,Bank of America Home Loans; Merrill Lynch Wealth Management; U.S. Trust,,,https://www3.bankofamerica.com/contact/?lob=general&contact_returnto=http%3A%2F%2Fwww.bankofamerica.com%2Fcontact%2F%3Fstatecheck%3DDC%26page%3D&state,1141,1220,
Banking & Finance,100,Bank of New York Mellon,Dreyfus; Pershing,,,https://www.bnymellon.com/contact/index.cfm,1152,1220,
Banking & Finance,100,Barclays Capital,,,,,35455,1220,
Banking & Finance,100,Capital One,,,,,1366,1220,
Banking & Finance,100,Charles Schwab,,888-403-9000,,,1051,1220,
Banking & Finance,100,Citigroup*,Citibank; Citifinancial; Citimortgage; Primerica,,,,1102,1220,
Banking & Finance,100,Credit Suisse,,212-325-2000,,,4856,1220,
Banking & Finance,100,Deutsche Bank,,,,http://www.db.com/en/content/contact_form.htm,1110,1220,
Banking & Finance,100,Fannie Mae,,,,,1081,1220,
Banking & Finance,100,Freddie Mac,,,,http://www.freddiemac.com/corporate/about/feedback.html,1093,1220,
Banking & Finance,100,Goldman Sachs*,,,GSWebSiteFeedback@gs.com,,1082,1220,
Banking & Finance,100,Harris Bankcorp,BMO Capital Markets,,onlineservices@harrisbank.com,,1149,1220,
Banking & Finance,100,HSBC,Beneficial,,,,35667,1220,
Banking & Finance,100,J.P. Morgan Chase,Chase*,212-270-6000,,,599,1220,
Banking & Finance,100,John Hancock,,,,https://secure.johnhancock.com/contactus/contactus_general_inquiry.html,1511,1220,
Banking & Finance,100,KeyCorp,KeyBank,,,,4922,1220,
Banking & Finance,100,MasterCard,Cirrus; Maestro; Mondex,,,,35924,1220,
Banking & Finance,100,Morgan Stanley,Smith Barney,,,,1069,1220,
Banking & Finance,100,Northern Trust,,,,https://northerntrust.custhelp.com/cgi-bin/northerntrust.cfg/php/enduser/doc_serve.php?2=about_contactus,1083,1220,
Banking & Finance,100,PNC,National City,888-762-2265,,https://www.pnc.com/webapp/sec/Forms.do?siteArea=/pnccorp/PNC/Contact+Us,14548,1220,
Banking & Finance,100,Raymond James Financial,,,,http://www.raymondjames.com/contact_other.htm,52332,1220,
Banking & Finance,100,RBC Wealth Management,,,,,25528,1220,
Banking & Finance,100,State Street,,,,http://www.statestreetglobalservices.com/wps/portal/internet/ssgs/home/aboutssgs/contactus/!ut/p/c4/04_SB8K8xLLM9MSSzPy8xBz9CP0os3i_0CADCydDRwMLT1dLA0,35530,1220,
Banking & Finance,100,SunTrust,,,,https://customercare.suntrust.com/guides/contact_us_form.asp?continueButton=Continue,1111,1220,
Banking & Finance,100,TD Bank*,,,,https://customerservice.tdbank.com/app/ask/session/L3NpZC90R2tZcUg5aw%3D%3D,52367,1220,
Banking & Finance,100,U.S. Bancorp,,,,,1079,1220,
Banking & Finance,100,UBS,,,,https://www1.ubs.com/1/ssl/e/contact/contact.html?NavLB_Www=1284151992,750,1220,
Banking & Finance,100,Visa,,,AskVisaUSA@visa.com,,1202,1220,
Banking & Finance,100,Wells Fargo,Wachovia; Wells Fargo Advisors*,,,,1142,1220,
Banking & Finance,95,CIBC,,,,https://www.cibc.com/ca/write-to-us.html,52024,1220,
Banking & Finance,95,Comerica,,,,https://www4.comerica.com/forms2/initForm.do?formname=GeneralInquiryForm&template=BankInquiryTemplate,392,1220,
Banking & Finance,95,Morningstar,,312-384-4000,productinfo@morningstar.com,,15019,1220,
Banking & Finance,95,Principal Financial,,,,https://secure05.principal.com/corp/webreply/getNoneOfThese,1108,1220,
Banking & Finance,93,E*TRADE Financial,,,,,1921,1220,
Banking & Finance,90,Robert W. Baird & Co.,,800-792-2473,,,52545,1220,
Banking & Finance,88,BB&T,,800-226-5228,,https://www.bbt.com/bbt/apps/contact/corporate.asp,14555,1220,
Banking & Finance,83,AmTrust Bank,,,,https://www.amtrust.com/Utilities/Pages/ContactUs.aspx,35660,1220,
Banking & Finance,80,GE,GE Capital; GE Money,,,https://www.ge.com/contact/contact_form.html?ref=http://www.ge.com/,1828,1220,
Banking & Finance,75,Fifth Third Bancorp,,,,https://www.53.com/contact/forms/contact.htm?forward=CustomerCare,14751,1220,
Banking & Finance,75,Huntington Bancshares,,800-480-2265,,,43616,1220,
Banking & Finance,65,H&R Block,,800-472-5625,,,548,1220,
Banking & Finance,60,Sallie Mae,,888-272-5543,,,13441,1220,
Banking & Finance,58,Discover Financial Services,Diner's Club; Pulse,,communityaffairs@discover.com,,54973,1220,
Banking & Finance,55,T. Rowe Price,,,,https://individual.troweprice.com/public/Retail/hUtility/Customer-Service/Contact-Us/Contact-Us-By-Email,2065,1220,X
Banking & Finance,50,Franklin Resources,Franklin Templeton,,,https://www.franklintempleton.com/retail/jsp_app/global_nav/cust_serv/em_public_multiple.jsp?subject=Feedback,8697,1220,
Banking & Finance,35,D&B,Hoovers,,dnbusnationalcustomerrelations@dnb.com,,1668,1220,
Banking & Finance,30,M&T Bank,,800-724-2440,,https://www.mtb.com/customerservice/Pages/CustomerServiceEmail.aspx,35596,1220,X
Banking & Finance,30,Sovereign Bancorp,,877-768-2265,,https://customerservice.sovereignbank.com/app/ask,4838,1220,X
Banking & Finance,15,Invesco,,,,http://www.invescopowershares.com/contact/default.aspx,1109,1220,X
Banking & Finance,15,Regions Financial,Morgan Keegan,,,http://www.regions.com/Contact.rf,14762,1220,X
Banking & Finance,0,NASDAQ,,212-401-8700,,http://www.nasdaq.com/feedback/feedback_form.stm,54871,1220,X
Banking & Finance,0,Western Union,,800-325-6000,,https://wumt.westernunion.com/WUCOMWEB/contactus.do;jsessionid=wjge-i5ykhpZFwc607WAxA6?method=load&countryCode=US&languageCode=en&nextSecurePage=Y,54845,1220,X
Entertainment,100,AMC Entertainment,AMC Theaters; Loews Cineplex,,,http://getsatisfaction.com/amc_theatres,52126,1233,
Entertainment,100,Clear Channel,Katz Media,210-822-2828,,,14658,1233,
Entertainment,100,Cox Enterprises*,Cox Cable; Cox Newspapers; Cox Radio; Travel Channel,,ContactUs@coxinc.com,,13516,1233,
Entertainment,100,Hallmark Cards,Hallmark Channel,800-425-5627,,http://hallmark.custhelp.com/app/ask/session/L2F2LzEvc2lkL3NCMmJjR2Fr,14792,1233,
Entertainment,100,Starbucks*,Starbucks Hear Music,,,http://www.starbucks.com/customer-service/contact/company-information-form,1168,1233,
Entertainment,100,The Walt Disney Co.,A&E; ABC; Disney Channel; ESPN; History Channel; Lifetime; Marvel Entertainment; Miramax Films; Pixar; SOAPnet; Touchstone Pictures,,,,1298,1233,
Entertainment,100,Time Warner,AOL; Cartoon Network; Cinemax; CNN; CW; HBO; New Line Cinema; TBS; TNT; truTV; Warner Bros.,,,,886,1233,
Entertainment,100,Viacom,BET; CMT; Comedy Central; DreamWorks; LOGO; MTV; Nick Jr.; Nickelodeon; Paramount; Spike; TV Land; Vh1,,,http://www.viacom.com/contact/Pages/default.aspx,1319,1233,
Entertainment,95,Comcast,E!; G-4 Videogame TV; Golf Channel; Style Network; VERSUS,,,http://www.comcastsupport.com/redirects/com/useremailstartcom.asp,14577,1233,
Entertainment,95,Time Warner Cable,,,,https://www.timewarnercable.com/contact,61420,1233,
Entertainment,90,Sirius XM Radio,,888-539-7474,,http://www.sirius.com/customercare,52055,1233,
Entertainment,80,GE,A&E; Bravo; CNBC; MSNBC; NBC; NBC Universal; Oxygen; Syfy; Telemundo; Universal Pictures; USA; Weather Channel,,,https://www.ge.com/contact/contact_form.html?ref=http://www.ge.com/,1828,1233,
Entertainment,80,Live Nation,House of Blues,,,http://livenation.custhelp.com/app/ask,54847,1233,
Entertainment,70,Verizon,FiOS TV,,,,1826,1233,
Entertainment,45,Blockbuster,,,,http://www.blockbuster.com/help,4783,1233,X
Entertainment,45,CBS,Simon Schuster,,,http://www.cbs.com/info/user_services/fb_global_form.php,1340,1233,X
Entertainment,30,Cablevision,AMC; IFC; Optimum; Sundance Channel; WE tv,,,http://optimum.custhelp.com/cgi-bin/optimum.cfg/php/enduser/ask.php,5034,1233,X
Entertainment,30,News Corp.,20th Century Fox; Fox; FX; MySpace.com; National Geographic Channel,,,,35551,1233,X
Entertainment,30,Univision,Galavisión; TeleFutura,,,,4911,1233,X
Entertainment,15,DIRECTV,,,,http://support.directv.com/app/ask,51979,1233,X
Entertainment,15,Liberty Media,Game Show Network; Starz,,,http://www.libertymedia.com/contact-us.aspx,51980,1233,X
Entertainment,15,Regal Entertainment,Edwards Theatres; Hoyts Cinemas,877-835-5734,,http://www.regmovies.com/corporate/contactus.aspx,52334,1233,X
Entertainment,15,Scripps,,,,http://www.scripps.com/broadcasting/contact-us,13328,1233,X
Food & Beverages,100,Anheuser-Busch,Beck; Bud Light; Budweiser; Busch; Hoegaarden; Kirin; Leffe; Michelob; Natural Ice; O'Douls; Rolling Rock; Stella Artois,800-342-5283,,http://contactus.anheuser-busch.com/Email/email.aspx?Site=CUSITE,1253,1223,
Food & Beverages,100,Brown-Forman,Bonterra Vineyards; Chambourd; Fetzer; Finlandia Vodkas; Herradura Tequila; Jack Daniel's; Korbel; Sonoma-Cutrer California Wines; Southern Comfort; Tuaca Liqueur; Woodford Reserve,,Brown-Forman@b-f.com,,43555,1223,
Food & Beverages,100,Campbell Soup,Ecce Panis; Pace; Pepperidge Farm; Prego; Swanson; V8,,,http://www.campbellsoupcompany.com/Feedback.aspx,1454,1223,
Food & Beverages,100,Clorox,Hidden Valley; KC Masterpiece; Kitchen Bouquet,,,http://www.thecloroxcompany.com/contactus.html,1171,1223,
Food & Beverages,100,Coca-Cola Enterprises,,770-989-3000,ccemail@cokecce.com,,16,1223,
Food & Beverages,100,Diageo,Bailey's; Beaulieu Vineyard*; Captain Morgan; Cîroc; Crown Royal; Dom Perignon; Don Julio; Guinness; Harp; Hennessey; Johnnie Walker; Jose Cuervo; Ketel One; Red Stripe; Smirnoff; Sterling Vineyards; Tanqueray,,DiageoNA@consumer-care.net,,54239,1223,
Food & Beverages,100,General Mills,Betty Crocker; Bisquick; Bugles; Cascadian Farms; Cheerios; Chex; Fiber One; Fruit by the Foot; Fruit Gushers; Fruit Roll-Ups; Gold Medal; Green Giant; Häagen-Dazs; Hamburger Helper; Kix; Lucky Charms; Nature Valley; Old El Paso; Pillsbury; Pop Secret; Pr,800-248-7310,,http://www.generalmills.com/ContactUs.aspx,1244,1223,
Food & Beverages,100,Hershey,Almond Joy; Breath Savers; Bubble Yum; Heath; Icebreakers; Jolly Rancher; Kit Kat; Mauna Loa; Mounds; Payday; Reese's; Rolo; Skor; Symphony; Twizzlers; York; Zagnut,,,https://www.hersheys.com/contactus/contact-form.asp,8702,1223,
Food & Beverages,100,Johnson & Johnson,Benecol; Splenda,,,https://secure-www.jnj.com/wps/wcm/jsp/contactUs.jsp,1228,1223,
Food & Beverages,100,Kellogg's,All-Bran; Apple Jacks; Austin; Carr's; Cheez-It; Chips Deluxe; Club; Corn Pops; Crispix; Eggo; Famous Amos; Froot Loops; Frosted Flakes; Keebler; Mini Wheats; Morningstar Farms; Murray; Nutri-Grain; Pop-Tarts; Rice Krispies; Special K; Town House; Wheatab,,,http://www2.kelloggs.com/ContactUs.aspx,1471,1223,
Food & Beverages,100,Land O'Lakes,Alpine Lace; Eggland's Best,,,http://www.landolakes.com/ContactUs.aspx,35525,1223,
Food & Beverages,100,MillerCoors,Blue Moon; Foster's; Grolsch; IceHouse; Keystone; Killian's Irish Red; Leinenkugel's; Miller; Milwaukee's Best; Molson; Peroni; Pilsner Urquell; Sparks,800-645-5376,,,1469,1223,
Food & Beverages,100,PepsiCo,7-Up; AMP; Aquafina; Aunt Jemima; Cap'n Crunch; Cheetos; Cracker Jacks; Diet Pepsi; Dole Juices; Doritos; Flat Earth; Gatorade; Lays; Life; Lipton Iced Tea; Mountain Dew; Mug Root Beer; Naked Juices; Near East; Pasta Roni; Propel; Quaker; Rice-A-Roni; Rol,,,,1248,1223,
Food & Beverages,100,Procter & Gamble,Pringles,,,http://pg.custhelp.com/app/ask,1233,1223,
Food & Beverages,100,Sara Lee,Ball Park; Bryan; Earthgrains; Hillshire Farm; Jimmy Dean; Sun-Maid; Sunbeam,,,http://www.saralee.com/ContactUs.aspx,1460,1223,
Food & Beverages,100,Sodexo,,,,,14741,1223,
Food & Beverages,100,Starbucks*,Ethos Water; Frappuccino; Seattle’s Best Coffee; Tazo Teas; Torrefazione Italia Coffee,,,http://www.starbucks.com/customer-service/contact/company-information-form,1168,1223,
Food & Beverages,100,The Coca-Cola Company,Barq's; Canada Dry; Coke Zero; Dasani; Diet Coke; Fanta; Fresca; Fuze; Gold Peak; Hi-C; Honest Tea; Mello Yello; Minute Maid; Nestea; Odwalla; Pibb Xtra; POWERade; Simply Orange; Smartwater; Sprite; Tab; Vault; Vitaminwater,800-438-2653,,,1184,1223,
Food & Beverages,100,Unilever,Ben & Jerry's; Bertolli; Breyers Ice Cream; Country Crock; Good Humor; Hellmann's; I Can't Believe It's Not Butter!; Klondike; Knorr; Lawry's; Lipton; Popsicle; Promise; Ragu; Skippy Peanut Butter; Slim-Fast; Wishbone,,,http://www.unilever.com/resource/Contactform/index.aspx,51890,1223,
Food & Beverages,95,ConAgra Foods,Alexia; Banquet; Chef Boyardee; Egg Beaters; Fiddle Faddle; Healthy Choice; Hunt's; Jiffy Pop; Marie Callender's; Orville Redenbacher's; Pam; Peter Pan; Poppycock; Slim Jim; Van Camp's; Wesson,,,http://www.conagrafoods.com/utilities/contact.jsp,1458,1223,
Food & Beverages,95,E. & J. Gallo Winery,,,,http://gallo.com/contact/ContactUs.html,14882,1223,
Food & Beverages,95,Kraft Foods,A.1.; Balance Bar; Boca Burger; Breakstone's; Cadbury; Capri Sun; Cheez Whiz; Chips Ahoy!; Cool Whip; Country Time; Cracker Barrel Cheese; Crystal Light; Dentyne; Honeymaid; Jell-O; Kool-Aid; Louis Rich; Lunchables; Maxwell House; Miracle Whip; Nabisco; N,,,,1463,1223,
Food & Beverages,85,Hain Celestial Group,Arrowhead Mills; Casbah; Celestial Seasonings; Earth's Best; Garden of Eatin'; Harry's; Health Valley; Imagine; Jason; Nile Spice; Rice Dream; Soy Dream; Terra Chips; West Soy; Yves,,,http://www.hain-celestial.com/about_us/contact_us.php,1457,1223,
Food & Beverages,85,Target,Archer Farms; Choxie; Market Pantry,800-440-0680,,,1153,1223,
Food & Beverages,73,Dean Foods,Country Fresh; Horizon Organic; International Delight; Meadow Gold; Silk; Skinny Cow,214-303-3400,,,14352,1223,
Food & Beverages,73,Mars,3 Muskateers; Altoids; Combos; Dove Chocolate; Kudos; Life Savers; M&M's; Masterfoods; Orbit; Skittles; Snickers; Starburst; Twix; Uncle Ben's; Wrigley,,,http://www.mars.com/global/contact-us.aspx,14781,1223,
Food & Beverages,68,Heinz,Bagel Bites; Classico; Delimex; Lea & Perrins; Ore-Ida; Poppers; Weight Watchers Smart Ones; Wylers,,,http://www.heinz.com/our-company/investor-relations/request-information.aspx,8701,1223,
Food & Beverages,60,Domino's Pizza,,,,https://info.dominos.com/dominos_pizza/contact.nsf/frmContact?openform,5016,1223,
Food & Beverages,58,U.S. Foodservice,Glenview Farms; Next Day Gourmet; Patuxent Farms; Roseli; Stock Yards; Thirster,,,http://www.usfoodservice.com/contact/default.htm,51891,1223,
Food & Beverages,30,Green Mountain Coffee,Emeril's; K-Cup; Keurig; Timothy's Coffee; Tully's Coffee,,,http://www.greenmountaincoffee.com/contact-customer-care.aspx?ck=1,54749,1223,X
Food & Beverages,15,Alberto-Culver,Molly McButter; Mrs. Dash; Sugar Twin,,,http://www.alberto.com/contact/index.aspx?ct=2941633,54,1223,X
Food & Beverages,15,Chiquita,Fresh Express,,,http://www.chiquitabrands.com/companyinfo/ContactUs.aspx,52190,1223,X
Food & Beverages,15,Del Monte,College Inn; Contadina; S&W,,,http://www.delmonte.com/contactus/Contact.aspx,1474,1223,X
Food & Beverages,15,Hormel,Carapelli; Dinty Moore; El Torito; House of Tsang; Manny's; Spam; Stagg; Valley Fresh,,,http://www.hormel.com/contact.aspx,1455,1223,X
Food & Beverages,15,Hostess,Beefsteak; Ding Dongs; Ho Hos; Home Pride; J.J. Nissen; Ring Dings; Twinkies; Wonder,,,http://www.hostessbrands.com/contactus.asp,14375,1223,X
Food & Beverages,15,J.M. Smucker,Crisco; Eagle Brand; Folgers; Hungry Jack; Jif; Knott's Berry Farm; Smuckers,888-550-9555,,http://www.smuckers.com/contact/contact_online.aspx,8713,1223,X
Food & Beverages,15,Nestlé,Baby Ruth; Butterfinger; Carnation; Coffee-Mate; Crunch; DiGiorno; Dreyer's; Edy's; Hot Pockets; Juicy Juice; Laffy Taffy; Lean Cuisine; Lean Pockets; Nerds; Nesquik; Nestea; Powerbar; Raisinets; Stouffer's; Sweet Tarts; Toll House; Tombstone; Wonka,,,http://www.nestleusa.com/public/contactus.aspx,1473,1223,X
Food & Beverages,15,Smithfield Foods,Cook's; John Morrell,,,http://www.smithfieldfoods.com/contact/default.aspx,14603,1223,X
Food & Beverages,15,Tyson Foods,Bruss; Chairman's Reserve; Golden Trophy; Nature's Farm; Weaver; Wright,,,http://www.tyson.com/Consumer/Contact/CustomerService.aspx,14521,1223,X
Food & Beverages,0,Constellation,Arbor Mist; Corona; Negra Modelo; Svedka; Vendange; Woodbridge,888-724-2169,,,52197,1223,X
Food & Beverages,0,McCormick,Club House; Simply Asia; Thai Kitchen,,,http://mccormick.custhelp.com/cgi-bin/mccormick.cfg/php/enduser/ask.php?p_sid=PA3k-Ock&p_accessibility=0&p_redirect=&p_sp=cF9zcmNoPSZwX3NvcnRfYnk9JnBf,43607,1223,X
Food & Beverages,0,Murdock Holding,Dole,800-356-3111,,http://www.dole.com/ContactUs/tabid/965/Default.aspx,52115,1223,X
Food & Beverages,0,Pilgrim's Pride,EatWellStayHealthy,,,http://www.pilgrimspride.com/aboutus/contactus.aspx,51894,1223,X
Fun & Games,100,Electronic Arts,EA Casual Entertainment; EA Games; EA Sports,,,,487,1224,
Fun & Games,100,Hallmark Cards,Crayola; Silly Putty,800-425-5627,,http://hallmark.custhelp.com/app/ask/session/L2F2LzEvc2lkL3NCMmJjR2Fr,14792,1224,
Fun & Games,100,Harrah's Entertainment*,World Series of Poker,,,http://www.harrahs.com/CustomerService.do?action=ACTION_SEND_US_EMAIL&displayCode=,14674,1224,
Fun & Games,100,Mattel,American Girl; Barbie; Cabbage Patch Kids; Fisher-Price; Hot Wheels; Magna Doodle; Matchbox; Pictionary; Polly Pocket; Power Wheels; Radica; Tyco Electric Racing; UNO,310-252-2000,,,1225,1224,
Fun & Games,100,Microsoft*,Xbox,800-642-7676,,https://support.microsoft.com/contactus/emailcontact.aspx?scid=sw;en;1539&ws=corpinfo&ws=support&ws=mscom,1354,1224,
Fun & Games,95,Sony,Playstation,,,http://www.sony.com/faq.shtml#contactinfo,43370,1224,
Fun & Games,50,Hasbro,Battleship; Candy Land; Chutes and Ladders; Clue; Connect Four; Easy-Bake Oven; Furby; GI Joe; Giga Pets; Jenga; Lite-Brite; Monopoly; Mousetrap; Mr. Potato Head; My Little Pony; Nerf; Operation; Play-Doh; Playskool; Risk; Scattergories; Scrabble; Sorry!;,,,http://hasbro.custhelp.com/cgi-bin/hasbro.cfg/php/enduser/ask.php?p_sid=*ImEkW9k&p_accessibility=0&p_redirect=&p_sp=cF9zcmNoPSZwX3NvcnRfYnk9JnBfZ3JpZH,561,1224,
Health & Beauty,100,Bausch & Lomb,Akreos; Alaway; Boston; Ocuvite; Optima; PreserVision; PureVision; ReNu; Sensitive Eyes; Sight Saver; SofLens,585-338-6000,,,1194,1225,
Health & Beauty,100,Boehringer Ingelheim,Dulcolax; Zantac,,webmaster@rdg.boehringer-ingelheim.com,,54237,1225,
Health & Beauty,100,Clorox,Burt's Bees,,,http://www.thecloroxcompany.com/contactus.html,1171,1225,
Health & Beauty,100,Colgate-Palmolive,Irish Spring; Mennen; Skin Bracer; Softsoap; Speedstick,,,,1190,1225,
Health & Beauty,100,Estee Lauder,Aramis; Aveda; Bobbi Brown; Clinique; M.A.C.; Origins; Prescriptives,,,http://www.esteelauder.com/customer_service/contact.tmpl,1177,1225,
Health & Beauty,100,GlaxoSmithKline,Abreva; Aquafresh; Citrucel; Commit; FiberChoice; NicoDerm CQ; Nicorette; Os-Cal; Polident; Sensodyne; Tums,888-825-5249,,,1563,1225,
Health & Beauty,100,Johnson & Johnson,Acuvue; Aveeno; Band-Aid; Benadryl; BenGay; Clean & Clear; e.p.t.; Imodium; Listerine; Monistat; Motrin; Mylanta; Neutrogena; Pepcid AC; Purell; Reach; Rolaids; Stayfree; Sudafed; Tylenol; Tylenol-PM*; Visine,,,https://secure-www.jnj.com/wps/wcm/jsp/contactUs.jsp,1228,1225,
Health & Beauty,100,Kimberly-Clark,Depends; Kleenex; Kotex; Poise; Scott,,,https://www.kimberly-clark.com/ask/kimberly-clark/united_states.asp?country=US&Label=CorporateSite&ssl=true,623,1225,
Health & Beauty,100,Merck,Afrin; Bain de Soleil; Claritin; Coppertone; Dr. Scholl's; Tinactin,,,,2060,1225,
Health & Beauty,100,Newell Rubbermaid,Goody; Solano,,,http://www.newellrubbermaid.com/public/FeedBack.aspx?page=23,1888,1225,
Health & Beauty,100,Novartis Pharmaceutical Corp.,4-Way; Benefiber; Boost; Bufferin; Comtrex; Doan's; Ex-Lax; Excedrin; Gas-X; Habitrol; Maalox; Night & Day/O2OPTIX; No-Doz; Tavist; Theraflu; Triaminic; Vagistat,,,,1502,1225,
Health & Beauty,100,Pfizer,Advil; Alavert; Anbesol; Caltrate; Centrum; ChapStick; Cortizone; Dimetapp; FiberCon; Preparation H; Robitussin,,,http://www.pfizer.com/contact/,765,1225,
Health & Beauty,100,Procter & Gamble,Always; Aussie; Clairol; CoverGirl; Crest; Fixodent; Gillette; Head & Shoulders; Herbal Essence; Ivory; Max Factor; Metamucil; Olay; Old Spice; Oral-B; Pantene; Pepto-Bismol; Puffs; Scope; Secret; Tampax; Vicks; Zest,,,http://pg.custhelp.com/app/ask,1233,1225,
Health & Beauty,100,Unilever,AXE; Brut; Caress; Closeup; Degree; Dove; Lever 2000; Organics; Pond's; Q-tips; Suave; Sunsilk; ThermaSilk; Vaseline,,,http://www.unilever.com/resource/Contactform/index.aspx,51890,1225,
Health & Beauty,90,Avon Products,ANEW; Beyond Color; Color Trend; Perfect Wear; Skin-So-Soft; Ultra Color Rich Lipstick,212-282-5000,,,1210,1225,
Health & Beauty,85,Abbott Laboratories,AdvantEdge; EAS-Myoplex; Ensure,847-937-6100,,,1761,1225,
Health & Beauty,85,Bayer,Aleve; Alka-Seltzer; Contour; Flintstones; Midol; One-A-Day; Phillips' Milk of Magnesia,,,https://secure.bayer.com/bayer/contact.aspx?lang=en,2019,1225,
Health & Beauty,85,Target,up & up,800-440-0680,,,1153,1225,
Health & Beauty,15,Alberto-Culver,Alberto VO5; Nexxus; Noxema; St. Ives; TCB; TRESemé,,,http://www.alberto.com/contact/index.aspx?ct=2941633,54,1225,X
Health & Beauty,15,L'Oréal,Garnier; Matrix; Maybelline; Redken,,,http://www.lorealusa.com/_en/_us/tools/contact/contact.aspx,19661,1225,X
Home & Garden,100,DuPont,Corian; GreenVista; Kevlar; Nomex; SentryGlas; Teflon; Tyvek; Zodiaq,,,,1170,1227,
Home & Garden,100,Herman Miller,,,,,567,1227,
Home & Garden,100,Mitchell Gold + Bob Williams*,,,,http://www.mgbwhome.com/email.asp,5077,1227,
Home & Garden,100,Monsanto,Roundup; Seminis,,,http://www.monsanto.com/whoweare/Pages/contact-us.aspx,35610,1227,
Home & Garden,100,Newell Rubbermaid,Amerock; Bernzomatic; Calphalon; Gardinia; Irwin; Kirsch; Lenox; Levolor,,,http://www.newellrubbermaid.com/public/FeedBack.aspx?page=23,1888,1227,
Home & Garden,100,Owens Corning,,,,http://www.owenscorning.com/feedback/feedback.asp?SectionNum=2,14653,1227,
Home & Garden,100,"Replacements, Ltd.*",,800-737-5223,inquire@replacements.com,,800,1227,
Home & Garden,100,Sears,Craftsman; DieHard; Kenmore,800-349-4358,,http://www.sears.com/shc/s/nb_10153_12608_NB_CSeMail?adCell=WF,1187,1227,
Home & Garden,100,Whirlpool,Amana; Gladiator; Jenn-Air; Kenmore; KitchenAid; Magic Chef; Maytag; Roper; Supermatic,866-698-2538,,http://www.whirlpool.com/custserv/email_form.jsp,1214,1227,
Home & Garden,85,Home Depot,Behr; Glacier Bay; Hampton Bay; Husky; TrafficMaster; Vigoro,800-466-3337,,http://www.homedepot.com/webapp/wcs/stores/servlet/ContentView?pn=Contact_Us&langId=-1&storeId=10051&catalogId=10053,1206,1227,
Home & Garden,85,Target,Room Essentials,800-440-0680,,,1153,1227,
Home & Garden,80,GE,Hotpoint; Monogram; Profile,,,https://www.ge.com/contact/contact_form.html?ref=http://www.ge.com/,1828,1227,
Home & Garden,80,Realogy,Better Homes and Gardens Real Estate; Century 21; Corcoran Group; Sotheby’s,,,http://www.realogy.com/contact/,54240,1227,
Home & Garden,70,KB Home,,888-524-6637,,http://www.kbhome.com/regcard/Contact.aspx,8703,1227,
Home & Garden,50,Black & Decker,Baldwin; Delta; DeWALT; Kwikset; Price Pfister; Weiser,,,http://www.blackanddecker.com/CustomerCenter/faq.aspx?question=11,8683,1227,
Home & Garden,50,Mohawk Industries,Aladdin; Dal-Tile; Durkan; Mohawk; Unilin,800-241-4494,mohawkind@mohawkind.com,,14777,1227,
Home & Garden,45,Emerson Electric,ClosetMaid; Dirt Hound; In-Sink-Erator; RIDGID; White-Rodgers,314-553-2000,,,5121,1227,
Home & Garden,38,John Deere,,,,https://secured.deere.com/en_US/deerecom/httpscontent/generalfeedback.html,14366,1227,
Home & Garden,30,Jarden,Ball; Coleman; Diamond; FoodSaver; Mr. Coffee; Oster; Sunbeam,,,,52481,1227,X
Home & Garden,30,Snap-on,,,,https://www1.snapon.com/display/router.aspx?DocID=4519&,8714,1227,X
Home & Garden,30,Williams-Sonoma,Pottery Barn; West Elm,,,http://www.williams-sonoma.com/customer-service/email-us/?cm_type=fnav,13508,1227,X
Home & Garden,15,Berkshire Hathaway,Benjamin Moore; Shaw Floors; The Pampered Chef,,berkshire@berkshirehathaway.com,,4904,1227,X
Home & Garden,15,Energizer,Eveready,,,http://www.energizer.com/Pages/enr-contact.aspx,52216,1234,X
Home & Garden,15,Fortune Brands,Aristokraft; Master Lock; MasterBrand; Moen; Omega; Schrock; Waterloo,847-484-4400,mail@fortunebrands.com,,14737,1227,X
Home & Garden,15,Lennar,Cambridge; Greystone; NuHome; Patriot; U.S. Home; Village Builders,,,http://www.lennar.com/contact/webmaster.aspx?contact=webmaster,14413,1227,X
Home & Garden,15,Masco,Alsons; American Shower & Bath; Aqua Glass; Axor; BrassCraft; Delta Faucet,313-274-7400,webmaster@mascohq.com,,14309,1227,X
Home & Garden,15,Sherwin-Williams,ArmorSeal,,,http://www.sherwin-williams.com/contact-us/sales/,14287,1227,X
Home & Garden,15,Toll Brothers,,,,,51990,1227,X
Home & Garden,0,Beazer Homes,,,,,51989,1227,X
Home & Garden,0,Kohler Co.,,800-456-4537,,,14321,1227,X
Home & Garden,0,La-Z-Boy,Bauhaus; England; Kincaid,,,http://www.la-z-boy.com/ContactUs/,52264,1227,X
Home & Garden,0,Leggett & Platt,,,,,14750,1227,X
Home & Garden,0,Sealy,Bassett; Stearns & Foster,800-697-3259,,,52505,1227,X
Household Products,100,Clorox,Brita; Formula 409; Glad; Green Works; Handi-Wipes; Kingsford; Lestoil; Liquid-Plumr; Pine-Sol; S.O.S.; Stain Out; Tilex; Tuff Stuff; Wash'n Dri,,,http://www.thecloroxcompany.com/contactus.html,1171,1228,
Household Products,100,Colgate-Palmolive,Ajax; Fabuloso; Murphy Oil Soap; Palmolive; Suavitel,,,,1190,1228,
Household Products,100,Kimberly-Clark,Cottonelle; Kleenex; Scott; Viva,,,https://www.kimberly-clark.com/ask/kimberly-clark/united_states.asp?country=US&Label=CorporateSite&ssl=true,623,1228,
Household Products,100,Newell Rubbermaid,Dymo; Expo; Liquid Paper; Paper Mate; Parker; Rolodex; Roughneck; Sharpie; Shur-Line; Uni-ball; Waterman,,,http://www.newellrubbermaid.com/public/FeedBack.aspx?page=23,1888,1228,
Household Products,100,Procter & Gamble,Bounce; Bounty; Cascade; Charmin; Cheer; Dawn; Downy; Duracell; Febreze; Gain; Joy; Mr. Clean; Puffs; Swiffer; Tide,,,http://pg.custhelp.com/app/ask,1233,1228,
Household Products,100,S.C. Johnson & Son,Drano; Fantastik; Grab-it; Glade; Nature's Source; OFF!; Oust; Pledge; Raid; Saran; Scrubbing Bubbles; Shout; Vanish; Windex; Ziploc,,,http://www.scjbrands.com/contact/index.asp,14325,1228,
Household Products,85,3M,Command; Filtrete; Nexcare; O-Cel-O; Post-it; Scotch; Scotch-Brite; Scotchguard,,,,1813,1228,
Household Products,85,Target,up & up,800-440-0680,,,1153,1228,
Household Products,30,Tupperware,,,,http://order.tupperware.com/coe/app/!tup_guide.email,54442,1228,X
Insurance & Health Care,100,Aetna,,,,,1525,1229,
Insurance & Health Care,100,AIG,AIU; American General; SunAmerica,,,https://securecontent.aig.com/_20_200054.html,1481,1229,
Insurance & Health Care,100,Allianz Life,,800-950-5872,,https://www.allianzlife.com/ContactUs/ContactUsByEmail.aspx?ID=28,4945,1229,
Insurance & Health Care,100,Allstate,American Heritage Life; Deerbrook; Encompass; Lincoln Benefit,800-255-7828,,https://messaging.allstate.com/corp.aspx,1489,1229,
Insurance & Health Care,100,Aon,Affinity,312-381-1000,,,1290,1229,
Insurance & Health Care,100,Blue Cross Blue Shield of Florida,,,,,52549,1229,
Insurance & Health Care,100,Chubb,,908-903-2000,info@chubb.com,http://www.chubb.com/contactus/writeus.html,1522,1229,
Insurance & Health Care,100,CNA Insurance,,312-822-5000,cna_help@cna.com,,1520,1229,
Insurance & Health Care,100,Hartford Financial Services,American Maturity,,,,1137,1229,
Insurance & Health Care,100,ING,ReliaStar,,sales@ingdirect.com,,5097,1229,
Insurance & Health Care,100,John Hancock,Manulife,,,https://secure.johnhancock.com/contactus/contactus_general_inquiry.html,1511,1229,
Insurance & Health Care,100,Kaiser Permanente,,,,,1508,1229,
Insurance & Health Care,100,MassMutual Life Insurance,Babson Capital; Baring Asset; C.M. Life Insurance; Cornerstone; OppenheimerFunds,,,https://www.massmutual.com/secure/emailus,1549,1229,
Insurance & Health Care,100,MetLife*,New England Life Insurance; Texas Life Insurance,,,https://www.metlife.com/individual/service/contact.html,1560,1229,
Insurance & Health Care,100,Nationwide*,Allied Insurance; Scottsdale Insurance; Titan Insurance; Victoria Insurance,800-882-2822,,https://www.nationwide.com/contact-us/mailform.x?language=en,1539,1229,
Insurance & Health Care,100,New York Life,,,,http://www.newyorklife.com/nyl/v/index.jsp?contentId=11951&vgnextoid=5bebce94229d2210a2b3019d221024301cacRCRD,1551,1229,
Insurance & Health Care,100,Pacific Mutual,,800-800-7646,,https://www.pacificlife.com/Resource/Contact+Us/ContactForm.htm,14936,1229,
Insurance & Health Care,100,Progressive,,,,https://www.progressive.com/contact-us.aspx,5042,1229,
Insurance & Health Care,100,Prudential*,,,,,1052,1229,
Insurance & Health Care,100,Sun Life Financial,,800-786-5433,USWeb_General Information@sunlife.com,,54840,1229,
Insurance & Health Care,100,TIAA-CREF,,,,https://www3.tiaa-cref.org/ContactTIAA/ContactTIAA.php,1512,1229,
Insurance & Health Care,100,UnitedHealth Group,Golden Rule Insurance; OptumHealth; Ovations; Secure Horizons; Sierra Health Services,,uhg_webmail@uhc.com,,1548,1229,
Insurance & Health Care,95,CIGNA,,,,,1104,1229,
Insurance & Health Care,95,Lincoln National,,,,,1132,1229,
Insurance & Health Care,95,Principal Financial,,,,https://secure05.principal.com/corp/webreply/getNoneOfThese,1108,1229,
Insurance & Health Care,95,WellPoint,Anthem; Blue Cross Blue Shield; Lumenos; Unicare,317-532-6000,,,1557,1229,
Insurance & Health Care,93,Group Health Cooperative,,,,http://www.ghc.org/customerservice/sendmail.jhtml?form=complimentsComplaints,1500,1229,
Insurance & Health Care,93,Harvard Pilgrim Health Care,,888-888-4742,,,1498,1229,
Insurance & Health Care,93,Health Net,,800-291-6911,,,1537,1229,
Insurance & Health Care,90,Blue Cross Blue Shield of North Carolina,,,,,35669,1229,
Insurance & Health Care,90,Group Health Permanente,,,,,54924,1229,
Insurance & Health Care,88,American Family Insurance Group,,800-692-6326,,,14567,1229,
Insurance & Health Care,88,Unum,Colonial; Provident,,,http://www.unum.com/contactus/corporate.aspx,1542,1229,
Insurance & Health Care,85,Quest Diagnostics,,,,,4894,1229,
Insurance & Health Care,85,Selective Insurance,,,,http://www.selective.com/WebApplications/EDS/PublicSite/Customer_Support/ContactUs.aspx,52347,1229,
Insurance & Health Care,85,Travelers,,,,https://secure.travelers.com/contact-us.aspx,856,1229,
Insurance & Health Care,80,Mutual of Omaha Insurance,,,,http://www.mutualofomaha.com/contact/,1087,1229,
Insurance & Health Care,80,State Farm,,,,https://online.statefarm.com/apps/contactSF/pages/commentsSuggestions.asp,1497,1229,
Insurance & Health Care,80,Zurich,21st Century Insurance; Farmers,,,https://www.zurichna.com/zna/services/forms/contactform.htm,35619,1229,
Insurance & Health Care,65,CUNA Mutual Insurance,,800-356-2644,,,1515,1229,
Insurance & Health Care,65,Vision Service Plan,,,,https://www.vsp.com/contact-email2.html?form.options=comments,1553,1229,
Insurance & Health Care,50,Owens & Minor,MediChoice,804-723-7000,,,1585,1229,
Insurance & Health Care,45,Guardian Life,Berkshire Life; Park Avenue Life; Sentinel American Life,,,http://www.glic.com/service_center/contact_us.html,14536,1229,
Insurance & Health Care,45,Humana,,,,,161,1229,
Insurance & Health Care,40,AEGON,Merrill Lynch Life Insurance; Stonebridge; Transamerica,,,http://www.aegon.com/en/Home/About/Contact-us/,43508,1229,
Insurance & Health Care,30,AFLAC,,800-992-3522,,http://www.aflac.com/apps/contact_customer_service.aspx?iframe=true&width=385px&height=620px,38,1229,X
Insurance & Health Care,30,CNO Financial,Bankers Life; Colonial Penn; Conseco,,,,14563,1229,X
Insurance & Health Care,30,Northwestern Mutual,Frank Russell,414-271-1444,,https://service.nmfn.com/webforms/nmfnForms/GenComments.html?name=null&email=fromNMFN&tmplatecde=null&legalid=null&postto=thenetwork.nmfn.com&agentnum,1564,1229,X
Insurance & Health Care,15,Assurant,,,,http://www.assurant.com/inc/assurant/contact/email_inc.html,51981,1229,X
Insurance & Health Care,15,Berkshire Hathaway,GEICO; National Indemnity,,berkshire@berkshirehathaway.com,,4904,1229,X
Insurance & Health Care,15,Hanover Insurance,,,,http://www.hanover.com/thg/contact/,14774,1229,X
Insurance & Health Care,15,Liberty Mutual,Safeco,800-344-0197,PresidentialSVCTeam@libertymutual.com,http://www.libertymutualgroup.com/omapps/ContentServer?pagename=LMGroup/Views/LMG&ft=1&fid=1138364707731,1486,1229,X
Insurance & Health Care,0,Genworth,,888-436-9678,,http://www.genworth.com/content/contact_us/contact_request_postableForm.html,52414,1229,X
Insurance & Health Care,0,USAA,,,,,911,1229,X
Kids,100,Bright Horizons Family Solutions,Brookfield Academies; College Coach; Lipton Child Care,617-673-8000,,,43073,1230,
Kids,100,Bristol-Myers Squibb,Enfamil,,,http://www.bms.com/contact/Pages/home.aspx,1218,1230,
Kids,100,Kimberly-Clark,GoodNites; Huggies; Little Swimmers; Pull-Ups,,,https://www.kimberly-clark.com/ask/kimberly-clark/united_states.asp?country=US&Label=CorporateSite&ssl=true,623,1230,
Kids,100,Newell Rubbermaid,Aprica; Graco; Teutonia,,,http://www.newellrubbermaid.com/public/FeedBack.aspx?page=23,1888,1230,
Kids,100,Procter & Gamble,Luvs; Pampers,,,http://pg.custhelp.com/app/ask,1233,1230,
Kids,85,Abbott Laboratories,Pedialyte; PediaSure; Similac,847-937-6100,,,1761,1230,
Kids,85,Bayer,Flintstones Vitamins,,,https://secure.bayer.com/bayer/contact.aspx?lang=en,2019,1230,
Newsstand,100,American Express,Food & Wine; Travel & Leisure,800-528-4800,,,1095,1235,
Newsstand,100,McGraw-Hill,Architectural Record; BusinessWeek; JD Power & Associates; Macmillan; Standard & Poor's,877-833-5524,customer.service@mcgraw-hill.com,,663,1235,
Newsstand,100,New York Times,About.com; The Boston Globe; The International Herald Tribune,,,http://www.nytimes.com/membercenter/formh.html,1312,1235,
Newsstand,100,Time Warner,Cooking Light; Entertainment Weekly; Essence; Fortune; InStyle; Money; People; Real Simple; Southern Living; Sports Illustrated; Time,,,,886,1235,
Newsstand,100,United Business Media,CRN; EE Times; InformationWeek; Network Computing,,,,1277,1235,
Newsstand,65,Gannett,Clipper Magazine; USA Today,,,http://www.gannett.com/contactus.htm,518,1235,
Newsstand,50,Scholastic,Encyclopedia Americana,,,http://scholastic.custhelp.com/app/ask,1241,1235,X
Newsstand,30,News Corp.,Barron's; Dow Jones; HarperCollins; INSIDEout; MarketWatch; New York Post; SmartMoney; The Wall Street Journal,,,,35551,1235,X
Newsstand,30,Tribune,Baltimore Sun; Chicago Tribune; Los Angeles Times,312-222-9100,,,4892,1235,X
Newsstand,30,Washington Post,Cable One; Express; Kaplan; Slate,,,http://www.washingtonpost.com/wp-srv/contactus/index.html,1310,1235,X
Newsstand,15,Reader's Digest,,,,http://www.rd.com/your-america-inspiring-people-and-stories/contact-the-editors/article27604.html,1403,1235,X
Oil & Gas,100,BP*,Arco; Castrol,,,,1776,1222,
Oil & Gas,100,Chevron*,Caltex; Texaco,,,,1807,1222,
Oil & Gas,100,Shell Oil*,,713-241-6161,,,1810,1222,
Oil & Gas,70,ConocoPhillips,76; Conoco; Phillips 66,,,http://www.conocophillips.com/EN/utilities/contact/pages/questions_company.aspx,1769,1222,
Oil & Gas,35,Valero Energy,Diamond Shamrock; Stop N Go; Ultramar,800-324-8464,,http://www.valero.com/contactus/Pages/ConsumerContacts.aspx,5120,1222,X
Oil & Gas,20,Marathon Oil,Speedway SuperAmerica,866-462-7284,CustRelations@marathonpetroleum.com,,4901,1222,
Oil & Gas,15,Hess,,212-997-8500,webmaster@hess.com,,61,1222,X
Oil & Gas,15,Sunoco,,800-786-6261,,,1961,1222,X
Oil & Gas,15,Tesoro,,,,https://www.piersystem.com/go/inquiry/1406/,14657,1222,X
Oil & Gas,0,ExxonMobil,Esso; Exxon; Mobil,,,http://www.exxonmobil.com/imports/contactus/contactus_contact.aspx,1817,1222,
Pet Care,100,Clorox,Fresh Step; Scoop Away,,,http://www.thecloroxcompany.com/contactus.html,1171,1231,
Pet Care,100,Colgate-Palmolive,Hill's Prescription Diet; Hill's Science Diet,,,,1190,1231,
Pet Care,100,Novartis Pharmaceutical Corp.,Interceptor,,,,1502,1231,
Pet Care,100,Procter & Gamble,Eukanuba; Iams,,,http://pg.custhelp.com/app/ask,1233,1231,
Pet Care,75,Nestlé Purina,Alpo; Beggin' Strips; Beneful; Cat Chow; Deli-Cat; Dog Chow; Fancy Feast; Friskies; Puppy Chow; Purina ONE; TBonz; Tidy Cats,,,http://register.purina.com/content/ContactUs?sourcebrand=18,795,1231,
Pet Care,73,Mars,Cesar; Pedigree; Royal Canin; Sheba; Whiskas,,,http://www.mars.com/global/contact-us.aspx,14781,1231,
Restaurants,100,Brinker,Chili's; Maggiano's Little Italy; On The Border Mexican Grill & Cantina,,,http://www.brinker.com/contact/comments.asp,35681,1221,
Restaurants,100,Carlson,Pick Up Stix; T.G.I. Friday's,763-212-5000,,,14338,1221,
Restaurants,100,Starbucks*,Seattle’s Best Coffee,,,http://www.starbucks.com/customer-service/contact/company-information-form,1168,1221,
Restaurants,85,McDonald's,,,,http://www.mcdonalds.com/us/en/contact_us/other_topics/other_topics.html,1199,1221,
Restaurants,80,Darden Restaurants,Bahama Breeze; The Capital Grille; Longhorn Steakhouse; Olive Garden; Red Lobster; Seasons 52,407-245-4000,communityaffairs@darden.com,,1459,1221,
Restaurants,78,The Palm,,,customercare@thepalm.com,,54454,1221,
Restaurants,73,Burger King,,305-378-3535,,,54824,1221,
Restaurants,65,Yum! Brands,A&W; KFC; Long John Silver's; Pizza Hut; Taco Bell; WingStreet,,,,5015,1221,
Restaurants,60,Domino's Pizza,,,,https://info.dominos.com/dominos_pizza/contact.nsf/frmContact?openform,5016,1221,
Restaurants,55,Cracker Barrel Old Country Store,,800-333-9566,,http://www.crackerbarrel.com/contact-general.cfm,13412,1221,
Restaurants,30,Chipotle,,,,http://www.chipotle.com/en-US/fan-antics/talk_to_us/talk_to_us.aspx,54464,1221,X
Restaurants,30,Wendy's/Arby's,Arby's; Wendy's,,,http://storefind.talktowendys.com/Default.aspx?s=2&l=en,19685,1221,X
Restaurants,15,Berkshire Hathaway,Dairy Queen,,berkshire@berkshirehathaway.com,,4904,1221,X
Restaurants,15,Bob Evans,,,,http://www.bobevans.com/contactus/default.aspx,52470,1221,X
Restaurants,15,Jack in the Box,Qdoba Mexican Grill,,,,52256,1221,X
Restaurants,0,Krispy Kreme,,,,http://www.krispykreme.com/about-us/contact-us,19760,1221,X
Restaurants,0,OSI Restaurant Partners,Bonefish Grill; Carrabba's Italian Grill; Cheeseburger in Paradise; Fleming's Prime Steakhouse; Outback Steakhouse,,,,52300,1221,X
Retailers,100,Barnes & Noble,,800-843-2665,,http://www.barnesandnoble.com/help/customer_service/morehelp.asp?cds2Pid=8510,1201,1236,
Retailers,100,Borders,Waldenbooks,,,http://www.borders.com/online/store/CustomerServiceView_ContactUsContent,2006,1236,
Retailers,100,Costco,,,,,1452,1236,
Retailers,100,eBay,Half.com; Shopping.com; StubHub,,,https://signin.ebay.com/ws/eBayISAPI.dll?SignIn&UsingSSL=1&pUserId=&co_partnerId=2&siteid=0&ru=http%3A%2F%2Fcontact.ebay.com%2Fws%2FeBayISAPI.dll%3FSh,35665,1236,
Retailers,100,Food Lion,Bloom; Bottom Dollar Food; Harveys,,,http://apps.foodlion.com/CustomerRelations/default.aspx,43541,1236,
Retailers,100,GameStop,EB Games,,orders@gamestop.com,,52087,1236,
Retailers,100,Hallmark Cards,,800-425-5627,,http://hallmark.custhelp.com/app/ask/session/L2F2LzEvc2lkL3NCMmJjR2Fr,14792,1236,
Retailers,100,REI,,,,http://www.rei.com/help/feedback/feedback.html,1229,1236,
Retailers,100,Sears,Kmart,800-349-4358,,http://www.sears.com/shc/s/nb_10153_12608_NB_CSeMail?adCell=WF,1187,1236,
Retailers,100,Staples,Corporate Express,,,http://www.staples.com/sbd/content/help/contact/other_quest.html,1167,1236,
Retailers,100,SUPERVALU,Acme Markets; Albertsons; Bristol Farms; Cub Foods; Farm Fresh; Hornbacher's; Jewel-Osco; Osco Pharmacy; Sav-on; Save-A-Lot; Shaws; Shop 'n Save; Shoppers Food; Sunflower Market,,,http://www.supervalu.com/sv-webapp/contact/contact.jsp,454,1236,
Retailers,100,TJX,HomeGoods,508-390-1000,,,868,1236,
Retailers,100,Walgreens,Duane Reade,,,http://www.walgreens.com/marketing/contactus/forms.jsp?h1=Customer%20service%20&h2=Other%20service&h3=Corporate&h4=consumer,989,1236,
Retailers,95,Amazon.com,Zappos.com,,,,4994,1236,
Retailers,95,Limited Brands,Bath & Body Works; C.O. Bigelow; Victoria's Secret; White Barn Candle Company,614-415-7000,,,1870,1236,
Retailers,95,OfficeMax,,,,https://www.officemax.com/customerservice/generalInquiry.jsp?tabType=general,8684,1236,
Retailers,95,Safeway,,,,http://www.safeway.com/IFL/Grocery/Comments#iframetop,1467,1236,
Retailers,90,CVS,Caremark Pharmacy,,,https://www.cvs.com/CVSApp/help/help_contact_us_form.jsp?loggedinUser=false,4908,1236,
Retailers,85,Best Buy,Future Shop; Geek Squad; Magnolia Home Theater,,,http://www.bestbuy.com/site/olspage.jsp?id=cat12104&type=page,14335,1236,
Retailers,85,Home Depot,,800-466-3337,,http://www.homedepot.com/webapp/wcs/stores/servlet/ContentView?pn=Contact_Us&langId=-1&storeId=10051&catalogId=10053,1206,1236,
Retailers,85,Rite Aid,,,,http://www.riteaid.com/contact_us/contact_customer_service.jsf,1200,1236,
Retailers,85,Target,,800-440-0680,,,1153,1236,
Retailers,85,Whole Foods,,,,http://www.wholefoodsmarket.com/company/service.php,1456,1236,
Retailers,83,Hannaford Brothers,,,,http://www.hannaford.com/content.jsp?pageName=CustomerService&leftNavArea=AboutLeftNav,555,1236,
Retailers,83,Hanover Direct,The Company Store; Domestications,,information@hanoverdirect.com,,55065,1236,
Retailers,83,Harry & David,,,,https://www.harryanddavid.com/gifts/store/BECContactUsView?catalogId=10002&langId=-1&storeId=10455&krypto=AuS2A9Vk06lgSW6tZeKDyg%3D%3D&ddkey=http:BECC,14959,1236,
Retailers,78,Ahold USA,Giant; Martin's; Peapod; Stop & Shop,,,http://www.ahold.com/en/contact,1470,1236,
Retailers,75,H-E-B,Central Marketplace; Gas 'N Go,,,http://www.heb.com/hebonline/contact-us/contact-us.jsp,14783,1236,
Retailers,75,Kroger,Baker's; Dillon Food Stores; Fred Meyer; Kwik Shop; Quality Food Centers; Quik Stop; Ralphs; Turkey Hill Minit Markets,,,https://customer.kroger.com/comments/comments.aspx,1465,1236,
Retailers,70,Toys 'R' Us,Babies 'R' Us,,,http://www.toysrus.com/helpdesk/index.jsp?display=store&subdisplay=contact&stillHaveQuestion=yes,1185,1236,
Retailers,45,Office Depot,,,,http://www.officedepot.com/customerservice/customerServiceDisplay.do,1172,1236,
Retailers,40,RadioShack,,,,,872,1236,X
Retailers,40,Wal-Mart,Marketside; Sam's Club,,,,1192,1236,
Retailers,30,Bed Bath & Beyond,Christmas Tree Shops,800-462-3966,,https://www.bedbathandbeyond.com/contactUs.asp?,43062,1236,X
Retailers,30,Lowe's,,,,http://www.lowes.com/webapp/wcs/stores/servlet/ContactUsCategoryFAQPageView?storeId=10151&catalogId=10051&faqId=51,5046,1236,X
Retailers,30,PetSmart,,,,http://www.petsmart.com/helpdesk/index.jsp?display=store&subdisplay=contact&stillHaveQuestion=yes,19694,1236,X
Retailers,30,Williams-Sonoma,Pottery Barn; West Elm,,,http://www.williams-sonoma.com/customer-service/email-us/?cm_type=fnav,13508,1236,X
Retailers,20,Meijer,,,,http://www.meijer.com/custserv/contactus.jsp,14782,1236,
Retailers,15,Ace Hardware,,,,http://www.acehardware.com/helpdesk/index.jsp?subdisplay=contact&display=store,1156,1236,X
Retailers,15,Big Lots,,,,http://www.biglots.com/contact/emailus.aspx?cookieCheck=true,2023,1236,X
Retailers,15,BJ's,,,,https://www.bjs.com/member/service/service.enter.display,1995,1236,X
Retailers,15,Children's Place,,877-752-2387,,http://www.childrensplace.com/webapp/wcs/stores/servlet/contactus_10001_10001_-1,52476,1236,X
Retailers,15,Dillard's,,,,http://www.dillards.com/kana/KanaStartServlet,8690,1236,X
Retailers,15,Dollar Tree,Deal$; Dollar Bills,,,http://www.dollartree.com/custserv/contactus.jsp,52210,1236,X
Retailers,15,Kohl's,,,,http://www.kohlscorporation.com/customer_service/email/default.asp?a=e-mail&Question=,14322,1236,
Retailers,15,Liberty Media,QVC,,,http://www.libertymedia.com/contact-us.aspx,51980,1236,X
Retailers,15,Michaels,,,,http://www.michaels.com/on/demandware.store/Sites-Michaels-Site/default/CustomerService-ContactUs,35622,1236,X
Retailers,15,Publix Super Markets,,,,http://www.publix.com/contact/SendUsAMessage.do,14500,1236,X
Retailers,15,The Container Store,,,,http://www.containerstore.com/contact/index.htm,35448,1236,X
Retailers,15,Trader Joe's,,,,http://www.traderjoes.com/about/index.asp,13517,1236,X
Retailers,15,Winn-Dixie Stores,Thrifty Maid; Winn & Lovett,,,http://www.winndixie.com/Contact_Us/Contact_Us.asp,14628,1236,X
Retailers,15,Zales,,,,,52411,1236,X
Retailers,0,Dick's Sporting Goods,,,,,52208,1236,X
Retailers,0,Dollar General,,,,http://www.dollargeneral.com/OurStores/Pages/CustomerService.aspx,8692,1236,X
Retailers,0,Family Dollar,,,,http://familydollar.com/contactus.aspx,14988,1236,X
Retailers,0,The Great Atlantic & Pacific Tea Co.,A&P; FoodBasics; Pathmark Stores; Superfresh; The Food Emporium; Waldbaums,,,,54970,1236,X
Retailers,0,The Pantry,Golden Gallon; Kangaroo Express,,,http://www.thepantry.com/contactus.aspx,52304,1236,X
Retailers,0,True Value,,,,http://www.truevalue.com/content/contact/default.aspx,52378,1236,X
Retailers,0,Weis,Save-A-Lot,,,http://www.weismarkets.com/about-weis/contact-us/,52400,1236,X
Shipping,100,UPS,,,,https://www.ups.com/upsemail/topic,1242,1237,
Shipping,80,FedEx,,,,,500,1237,
Shipping,30,DHL,,,,http://www.dhl-usa.com/custserv/contactus.asp?nav=contactus,5023,1237,X
Technology,100,Apple,iPad; iPhone; iPod; iTunes; Mac; OS X; Safari,,,,1326,1234,
Technology,100,AT&T,,,,,1417,1234,
Technology,100,Barnes & Noble,Nook,800-843-2665,,http://www.barnesandnoble.com/help/customer_service/morehelp.asp?cds2Pid=8510,1201,1234,
Technology,100,Cisco Systems,Linksys; WebEx,,,,1334,1234,
Technology,100,Corning,,607-974-9000,Inquiries@corning.com ,http://www.corning.com/about_us/contactus.aspx,1169,1234,
Technology,100,Dell*,Adamo; Alienware; Inspiron; Latitude; OptiPlex; Precision; Studio XPS; Vostro,,,,1442,1234,
Technology,100,eBay,Bill Me Later; Half.com; PayPal; Shopping.com; Skype; StubHub,,,https://signin.ebay.com/ws/eBayISAPI.dll?SignIn&UsingSSL=1&pUserId=&co_partnerId=2&siteid=0&ru=http%3A%2F%2Fcontact.ebay.com%2Fws%2FeBayISAPI.dll%3FSh,35665,1234,
Technology,100,Google*,Android; Blogger; Chrome; Gmail; Picasa; YouTube,,,,5117,1234,
Technology,100,HP,Compaq; Snapfish,,,http://www.hp.com/hpinfo/execteam/email/ceo/index.html,1422,1234,
Technology,100,Intel,McAfee,,,http://www.intel.com/intel/general.htm?iid=intelfb+body_askquestion,1394,1234,
Technology,100,Intuit,Mint.com; QuickBooks; Quicken; TurboTax,,,https://orderupdate.intuit.com/corporate1.asp?topic=corporate,4942,1234,
Technology,100,Kodak,EasyShare; Kodak Gallery,,,,1159,1234,
Technology,100,Lexmark,,859-232-2000,,,8663,1234,
Technology,100,Microsoft*,Bing; Hotmail; Internet Explorer; MSN; Office; Windows; Windows Live; Zune,800-642-7676,,https://support.microsoft.com/contactus/emailcontact.aspx?scid=sw;en;1539&ws=corpinfo&ws=support&ws=mscom,1354,1234,
Technology,100,Motorola,,,,http://motorola-global-portal.custhelp.com/app/chat/chat_launch,1370,1234,
Technology,100,QUALCOMM,,,,,786,1234,
Technology,100,Sprint Nextel,Boost Mobile; Virgin Mobile,,,http://search.sprint.com/inquiraapp/contact.jsp,1427,1234,
Technology,100,Symantec,Norton; VeriSign,,,,864,1234,
Technology,100,Texas Instruments,,,,,1324,1234,
Technology,100,Xerox,,877-979-8498,,,1219,1234,
Technology,100,Yahoo!,Delicious; Flickr,,,,4937,1234,
Technology,95,Adobe,Acrobat; Dreamweaver; Flash; Photoshop,,,,1272,1234,
Technology,95,Amazon.com,A9; IMDb; Kindle,,,,4994,1234,
Technology,95,Comcast,,,,http://www.comcastsupport.com/redirects/com/useremailstartcom.asp,14577,1234,
Technology,95,Sony,,,,http://www.sony.com/faq.shtml#contactinfo,43370,1234,
Technology,93,AMD,ATI,,,,1770,1234,
Technology,88,EarthLink,PeoplePC,,,http://support.earthlink.net/contact/customer-feedback.php,15060,1234,
Technology,88,Imation,Memorex; TDK; XtremeMac,,,http://www.imation.com/en-us/Ask-Imation/,1392,1234,
Technology,85,Qwest,,,,,1278,1234,
Technology,85,Thomson Reuters,FindLaw; KeyCite; Westlaw,646-223-4000,general.info@thomsonreuters.com,,13410,1234,
Technology,70,Verizon,Alltel,,,,1826,1234,
Technology,50,Acer,eMachines; Gateway; Packard Bell,,,,1360,1234,
Technology,50,Nokia,,,,https://www.nokiausa.com/get-support-and-software/contact-us/email-us,2001,1234,
Technology,50,T-Mobile,,,,,19738,1234,
Technology,30,IAC/InterActiveCorp,Ask.com; Chemistry.com; Citysearch; Dictionary.com; Evite; Excite; Match.com; The Daily Beast; Urbanspoon; Vimeo,212-314-7300,info@iac.com,,14744,1234,X
Technology,15,U.S. Cellular,,888-944-9400,,https://www.uscellular.com/uscellular/support/contact-us/consumer.jsp,35547,1234,X
Technology,15,Virgin Media,Virgin Broadband,,,,54844,1234,X
Technology,0,Monster,HotJobs,,,http://my.monster.com/ContactUs.aspx,43603,1234,X
Travel & Leisure,100,Alaska Airlines,,800-654-5669,,https://www.alaskaair.com/www2/ssl/help/ConsumerAffairsForm.asp?Company=Alaska,5112,1232,
Travel & Leisure,100,American Airlines*,American Eagle,,,http://www.aa.com/contactAA/viewEmailFormAccess.do?eventName=customerRelations,1711,1232,
Travel & Leisure,100,Anheuser-Busch,Adventure Island; Busch Gardens; SeaWorld; Sesame Place; Water Country USA,800-342-5283,,http://contactus.anheuser-busch.com/Email/email.aspx?Site=CUSITE,1253,1232,
Travel & Leisure,100,Carlson,Carlson Wagonlit Travel; Country Inns & Suites; Park Inn; Park Plaza Hotels & Resorts; Radisson Hotels & Resorts; Regent Hotels & Resorts,763-212-5000,,,14338,1232,
Travel & Leisure,100,Continental Airlines,,,,http://www.continental.com/web/en-US/content/Contact/customer/default.aspx,1707,1232,
Travel & Leisure,100,Harrah's Entertainment*,Bally's; Caesars; Flamingo; Horseshoe; London Clubs International; Paris; Rio; Showboat,,,http://www.harrahs.com/CustomerService.do?action=ACTION_SEND_US_EMAIL&displayCode=,14674,1232,
Travel & Leisure,100,Hyatt,Andaz; Grand Hyatt; Hyatt Place; Park Hyatt; Regency Hyatt,,,http://www.hyatt.com/hyatt/customer-service/share-feedback/website-feedback-form.jsp,14830,1232,
Travel & Leisure,100,JetBlue Airways,,,,http://www.jetblue.com/help/contactus/index.html,52483,1232,
Travel & Leisure,100,Kimpton Hotel & Restaurant Group,Hotel Monaco; Hotel Palomar,,,http://www.kimptonhotels.com/contact.aspx,1122,1232,
Travel & Leisure,100,Marriott International,Bulgari Hotels & Resorts; Courtyard; Fairfield Inn; JW Marriott; Renaissance; Residence Inn; The Ritz-Carlton; SpringHill Suites; TownePlace Suites,,,https://www.marriott.com/suggest/suggest.mi,1461,1232,
Travel & Leisure,100,Orbitz*,Away.com; CheapTickets.com; eBookers.com; HotelClub,,,http://faq.orbitz.com/,54920,1232,
Travel & Leisure,100,Sabre Holdings,Travelocity,682-605-1000,,,1709,1232,
Travel & Leisure,100,Starwood  Hotels & Resorts,aloft; Element; Four Points; Le Meridien; Luxury Collection; Sheraton; St. Regis; W Hotels; Westin,,,http://www.starwoodhotels.com/corporate/contact_us.html,1118,1232,
Travel & Leisure,100,The Walt Disney Co.,Disney Cruise Line; Disney Vacation Club; Disneyland; Walt Disney World Resorts,,,,1298,1232,
Travel & Leisure,100,Travelport,Gullivers Travel Associates,,,http://www.travelport.com/contact.aspx,52574,1232,
Travel & Leisure,100,US Airways,,,,http://www.usairways.com/Forms/CustomerRelations.aspx,1713,1232,
Travel & Leisure,100,Virgin America,,,,http://www.virginamerica.com/contact-us.html,55061,1232,
Travel & Leisure,100,Wynn Resorts,Encore; Wynn Las Vegas,877-321-9966,,,52057,1232,
Travel & Leisure,95,Choice Hotels,Ascend Collection; Cambria Suites; Clarion; Comfort Inn; Comfort Suites; Econo Lodge; MainStay Suites; Quality; Rodeway Inn; Sleep Inn; Suburban Extended Stay Hotel,,,http://www.choicehotels.com/ires/en-US/html/EmailSupport?sid=W5dE.spXRtgoWw.3,13522,1232,
Travel & Leisure,95,Southwest Airlines,,800-435-9792,,https://www.southwest.com/contact-us/contact-us.html,1725,1232,
Travel & Leisure,95,Wyndham,AmeriHost Inn; Baymont Inn & Suites; Days Inn; Hawthorn Suites; Howard Johnson; Knights Inn; Microtel Inn & Suites; Ramada; Super 8 Motel; Travelodge; Wingate Inn,,,,1120,1232,
Travel & Leisure,93,Dollar Thrifty,Dollar Rent A Car; Thrifty Car Rental,800-800-5252,,http://www.dollar.com/Help/CustomerAssistance.aspx,52209,1232,
Travel & Leisure,90,Hilton Worldwide,Conrad; Doubletree; Embassy Suites; Hampton Inn; Hilton Garden Inn; Home2; Homewood Suites; Waldorf-Astoria,,,http://www1.hilton.com/en_US/hi/customersupport/feedback.do,1113,1232,
Travel & Leisure,88,Travel Impressions,Caribbean Escapes; TI Gay & Lesbian Travel,,,,54902,1232,
Travel & Leisure,88,United Airlines,,,,,1723,1232,
Travel & Leisure,85,InterContinental Hotels,Candlewood Suites; Crowne Plaza; Holiday Inn; Hotel Indigo; Staybridge Suites,,,,591,1232,
Travel & Leisure,85,MGM Resorts International*,Beau Rivage; Bellagio; Circus Circus; Excalibur; Luxor; Mandalay Bay; MGM Grand; Monte Carlo; New York-New York,,,,14675,1232,
Travel & Leisure,80,Avis Budget,Avis Rent A Car; Budget Rent A Car,,,,4869,1232,
Travel & Leisure,80,Enterprise Rent-A-Car,,,,http://enterprise.custhelp.com/app/ask,14371,1232,
Travel & Leisure,80,Expedia,Classic Vacations; Hotels.com; Hotwire; TripAdvisor; Venere,,,https://www.expedia.com/pub/agent.dll?qscr=fbak&&zz=1247500409281&&zz=1285174947437,13520,1232,
Travel & Leisure,80,GE,Universal Parks and Resorts,,,https://www.ge.com/contact/contact_form.html?ref=http://www.ge.com/,1828,1232,
Travel & Leisure,80,Royal Caribbean Cruises,Celebrity Cruises,,,https://secure.royalcaribbean.com/customersupport/contactUsOnline.do;jsessionid=0000MCBqZNDJW67wxBnnUTYl5US:12hdhua36,51915,1232,
Travel & Leisure,70,Hertz,Advantage Rent A Car; Connect; Simply Wheelz,,,,54235,1232,
Travel & Leisure,45,Host Hotels & Resorts,,240-744-1000,,,14986,1232,
Travel & Leisure,45,Loews Corp.,Loews Hotels,212-521-2000,,,1115,1232,
Travel & Leisure,15,AirTran,,,,http://www.airtranairways.com/contact/contact_us.aspx,5065,1232,X
Travel & Leisure,15,ExpressJet Airlines,,832-353-1000,,,52220,1232,X
Travel & Leisure,0,Accor,Motel 6,,,http://www.accor-na.com/contact.asp,54898,1232,X
Travel & Leisure,0,Boyd Gaming,Eldorado Casino; Fremont Hotel and Casino; Gold Coast; Jokers Wild Casino,,,http://www.boydgaming.com/contact-us,52177,1232,X
Travel & Leisure,0,Carnival,,,,,43632,1232,X
Travel & Leisure,0,Frontier Airlines,,,,http://www.frontierairlines.com/frontier/customer-service/contact-us.do,54835,1232,X
Travel & Leisure,0,Midwest Air,,,,http://www.midwestairlines.com/AboutUs/Contact.aspx,52109,1232,X
Travel & Leisure,0,SkyWest,,,,http://www.skywest.com/contact/corp_contact.php,52506,1232,X